epoch,loss,val_loss
0,3.8745318585853394,3.0741079230057564
1,2.6718850699445613,2.372848309968647
