epoch,loss,val_loss
0,0.9834744522325777,0.9750110726607474
1,0.9452281202738586,0.9935363186033148
2,0.8912246279030225,1.0202337942625348
3,0.8572154904283145,1.0371850509392588
4,0.8218621961854796,1.0593832166571366
5,0.7843147983218649,1.0847166557061045
6,0.7572402946437532,1.10239682385796
