epoch,loss,val_loss
0,1.0825491813808754,1.01340955809543
1,0.9888276743372542,1.0093207202459638
2,0.9770042988776946,1.041816162435632
3,0.9563539724518854,1.0802449552636397
